PANNEAU,DEP,Voix,REG
1,51,3,44
1,52,0,44
1,53,8,52
1,54,3,44
1,55,0,44
1,56,31,53
1,57,4,44
1,58,18,27
1,59,17,32
1,60,12,32
1,61,0,28
1,62,2,32
1,63,0,84
1,64,1,75
1,65,1,76
1,66,1,76
1,67,0,44
1,68,44,44
1,69,9,84
1,70,1,27
1,71,0,27
1,72,98,52
1,73,0,84
1,74,1,84
1,75,9,11
1,76,74,28
1,77,19,11
1,78,5,11
1,79,0,75
1,80,0,32
1,81,0,76
1,82,3,76
1,83,1,93
1,84,18,93
1,85,27,52
1,86,1,75
1,87,0,75
1,88,0,44
1,89,0,27
1,90,0,27
1,91,1,11
1,92,173,11
1,93,38,11
1,01,1,84
1,02,3,32
1,03,1,84
1,04,0,93
1,05,0,93
1,06,71,93
1,07,1,84
1,08,2,44
1,09,0,76
1,10,0,44
1,11,0,76
1,12,0,76
1,13,8,93
1,14,4,28
1,15,0,84
1,16,0,75
1,17,1,75
1,18,40,24
1,19,0,75
1,21,2,27
1,22,24,53
1,23,0,75
1,24,0,75
1,25,9,27
1,26,1,84
1,27,1,28
1,28,0,24
1,29,36,53
1,2A,5,94
1,2B,0,94
1,30,2,76
1,31,1,76
1,32,0,76
1,33,4,75
1,34,26,76
1,35,1,53
1,36,0,24
1,37,5,24
1,38,3,84
1,39,0,27
1,40,4,75
1,41,2,24
1,42,11,84
1,43,1,84
1,44,22,52
1,45,1,24
1,46,1,76
1,47,0,75
1,48,0,76
1,49,1,52
1,50,1,28
1,51,6,44
1,93,8,11
1,94,17,11
1,95,12,11
2,44,43,52
2,45,11,24
2,46,6,76
2,47,5,75
2,48,1,76
2,49,19,52
2,50,4,28
2,51,16,44
2,52,0,44
2,53,0,52
2,54,13,44
2,55,3,44
2,56,38,53
2,57,8,44
2,58,15,27
2,59,43,32
2,60,7,32
2,61,4,28
2,62,24,32
2,63,5,84
2,64,3,75
2,65,3,76
2,66,3,76
2,67,9,44
2,68,16,44
2,69,22,84
2,70,1,27
2,71,9,27
2,72,39,52
2,73,22,84
2,74,38,84
2,75,23,11
2,76,50,28
2,77,26,11
2,78,41,11
2,79,2,75
2,80,6,32
2,81,6,76
2,82,3,76
2,83,12,93
2,84,11,93
2,85,9,52
2,86,2,75
2,01,8,84
2,02,9,32
2,03,8,84
2,04,1,93
2,05,2,93
2,06,52,93
2,07,14,84
2,08,2,44
2,09,4,76
2,10,4,44
2,11,32,76
2,12,18,76
2,13,30,93
2,14,10,28
2,15,2,84
2,16,2,75
2,17,3,75
2,18,24,24
2,19,3,75
2,21,3,27
2,22,13,53
2,23,1,75
2,24,21,75
2,25,9,27
2,26,7,84
2,27,1,28
2,28,1,24
2,29,70,53
2,2A,28,94
2,2B,0,94
2,30,9,76
2,31,14,76
2,32,2,76
2,33,25,75
2,34,21,76
2,35,18,53
2,36,5,24
2,37,7,24
2,38,11,84
2,39,2,27
2,40,20,75
2,41,0,24
2,42,16,84
2,43,5,84
2,44,0,52
2,86,0,75
2,87,3,75
2,88,9,44
2,89,11,27
2,90,14,27
2,91,46,11
2,92,92,11
2,93,36,11
2,94,20,11
2,95,16,11
3,35,1551,53
3,36,4449,24
3,37,11882,24
3,38,24876,84
3,39,5453,27
3,40,9459,75
3,41,7368,24
3,42,15649,84
3,43,5416,84
3,44,25371,52
3,45,12807,24
3,46,3562,76
3,47,7816,75
3,48,1889,76
3,49,13197,52
3,50,8757,28
3,51,10130,44
3,52,3502,44
3,53,4973,52
3,54,12106,44
3,55,4011,44
3,56,16311,53
3,57,19209,44
3,58,4263,27
3,59,40497,32
3,60,15578,32
3,61,5644,28
3,62,22972,32
3,63,11537,84
3,64,15145,75
3,65,4649,76
3,66,12101,76
3,67,24526,44
3,68,16901,44
3,69,40651,84
3,70,5345,27
3,71,11457,27
3,72,9751,52
3,73,10109,84
3,74,19104,84
3,75,48301,11
3,76,19944,28
3,77,23560,11
3,78,37168,11
3,79,1078,75
3,01,14201,84
3,02,9152,32
3,03,7004,84
3,04,4174,93
3,05,3695,93
3,06,37783,93
3,07,8338,84
3,08,4764,44
3,09,3091,76
3,10,6008,44
3,11,8929,76
3,12,6408,76
3,13,49476,93
3,14,13037,28
3,15,2991,84
3,16,6104,75
3,17,15165,75
3,18,6458,24
3,19,4639,75
3,21,11256,27
3,22,11498,53
3,23,2209,75
3,24,9247,75
3,25,9942,27
3,26,12398,84
3,27,10920,28
3,28,8372,24
3,29,15771,53
3,2A,4294,94
3,2B,4525,94
3,30,18409,76
3,31,26635,76
3,32,4637,76
3,33,32708,75
3,34,28236,76
3,35,15591,53
3,79,4902,75
3,80,9186,32
3,81,8831,76
3,82,6471,76
3,83,38658,93
3,84,16462,93
3,85,16240,52
3,86,6985,75
3,87,6164,75
3,88,7603,44
3,89,6664,27
3,90,2767,27
3,91,20365,11
3,92,37035,11
3,93,13013,11
3,94,24525,11
3,95,18769,11
4,31,44003,76
4,32,4457,76
4,33,53266,75
4,34,50868,76
4,35,37982,53
4,36,4410,24
4,37,19303,24
4,38,52145,84
4,39,7098,27
4,40,8444,75
4,41,7841,24
4,42,25843,84
4,43,5461,84
4,44,52024,52
4,45,19712,24
4,46,5914,76
4,47,8981,75
4,48,2215,76
4,49,21228,52
4,50,9670,28
4,51,12855,44
4,52,2981,44
4,53,5972,52
4,54,21852,44
4,55,2799,44
4,56,18691,53
4,57,30519,44
4,58,4208,27
4,59,99361,32
4,60,24997,32
4,61,5388,28
4,62,29713,32
4,63,19124,84
4,64,17199,75
4,65,5720,76
4,66,14165,76
4,67,38014,44
4,68,20754,44
4,69,95965,84
4,70,5036,27
4,71,12821,27
4,72,12806,52
4,73,13409,84
4,74,18462,84
4,01,17757,84
4,02,9722,32
4,03,6827,84
4,04,6181,93
4,05,4973,93
4,06,32825,93
4,07,11248,84
4,08,5186,44
4,09,6428,76
4,10,6520,44
4,11,11039,76
4,12,7731,76
4,13,98827,93
4,14,19305,28
4,15,2548,84
4,16,8852,75
4,17,14473,75
4,18,6417,24
4,19,6283,75
4,21,15907,27
4,22,17349,53
4,23,3306,75
4,24,11307,75
4,25,16738,27
4,26,19974,84
4,27,14667,28
4,28,12459,24
4,29,27582,53
4,2A,2186,94
4,2B,2078,94
4,30,27685,76
4,31,16384,76
4,74,3755,84
4,75,136509,11
4,76,37708,28
4,77,63288,11
4,78,68070,11
4,79,8582,75
4,80,14934,32
4,81,12952,76
4,82,6974,76
4,83,24953,93
4,84,20530,93
4,85,12005,52
4,86,12375,75
4,87,11949,75
4,88,7417,44
4,89,8742,27
4,90,5026,27
4,91,66200,11
4,92,91966,11
4,93,130307,11
4,94,89070,11
4,95,81303,11
5,01,86768,84
5,02,93021,32
5,03,48354,84
5,04,26261,93
5,05,20164,93
5,06,155968,93
5,07,50561,84
5,08,41841,44
5,09,21781,76
5,10,46972,44
5,11,63592,76
5,12,35075,76
5,13,271168,93
5,14,84183,28
5,15,20622,84
5,16,47155,75
5,17,91892,75
5,18,42692,24
5,19,34200,75
5,21,68730,27
5,22,76105,53
5,23,17227,75
5,24,61792,75
5,25,67535,27
5,26,71355,84
5,27,96349,28
5,28,57674,24
5,29,98369,53
5,2A,20742,94
5,2B,22196,94
5,30,122214,76
5,31,137414,76
5,32,26805,76
5,33,186234,75
5,34,162908,76
5,35,96481,53
5,36,33932,24
5,37,65627,24
5,38,155657,84
5,39,36376,27
5,40,55614,75
5,41,47697,24
5,42,97550,84
5,43,37711,84
5,44,130421,52
5,45,82562,24
5,46,21472,76
5,47,50201,75
5,48,11151,76
5,49,80697,52
5,50,61046,28
5,51,77316,44
5,52,31202,44
5,53,32832,52
5,54,88979,44
5,55,32378,44
5,56,96147,53
5,57,143892,44
5,58,31128,27
5,59,333923,32
5,60,123180,32
5,61,38212,28
5,62,257245,32
5,63,76565,84
5,64,71466,75
5,65,30664,76
5,66,83862,76
5,67,132173,44
5,68,96850,44
5,69,160894,84
5,70,45812,27
5,71,80350,27
5,72,71555,52
5,73,56952,84
5,74,89178,84
5,75,69574,11
5,76,163931,28
5,77,148322,11
5,78,111011,11
5,79,40753,75
5,80,90592,32
5,81,56817,76
5,82,40510,76
5,83,189471,93
5,84,88434,93
5,85,92273,52
5,86,48311,75
5,87,46209,75
5,88,61021,44
5,89,51539,27
5,90,18573,27
5,91,106112,11
5,92,76766,11
5,93,59269,11
5,94,73927,11
5,95,90395,11
6,01,11658,84
6,02,4342,32
6,03,4044,84
6,04,3813,93
6,05,4815,93
6,06,15446,93
6,07,7970,84
6,08,2420,44
6,09,3678,76
6,10,3068,44
6,11,5624,76
6,12,5894,76
6,13,35250,93
6,14,14762,28
6,15,2161,84
6,16,6094,75
6,17,15517,75
6,18,3474,24
6,19,3900,75
6,21,10521,27
6,22,16737,53
6,23,1938,75
6,24,7468,75
6,25,10962,27
6,26,14217,84
6,27,7993,28
6,28,5448,24
6,29,27275,53
6,2A,1192,94
6,2B,1434,94
6,30,12042,76
6,31,39823,76
6,32,3725,76
6,33,41146,75
6,34,24767,76
6,35,38664,53
6,36,2684,24
6,37,13912,24
6,38,36496,84
6,39,5453,27
6,40,6784,75
6,41,5555,24
6,42,12788,84
6,43,4511,84
6,44,53237,52
6,45,10846,24
6,46,4331,76
6,47,4627,75
6,48,1590,76
6,49,22145,52
6,50,9124,28
6,51,6754,44
6,52,1591,44
6,53,5896,52
6,54,11406,44
6,55,2105,44
6,56,21841,53
6,57,12629,44
6,58,2792,27
6,59,41162,32
6,60,9501,32
6,61,4288,28
6,62,14597,32
6,63,13377,84
6,64,17038,75
6,65,4063,76
6,66,6841,76
6,67,22878,44
6,68,12761,44
6,69,49946,84
6,70,3402,27
6,71,8040,27
6,72,9977,52
6,73,12560,84
6,74,21345,84
6,75,87186,11
6,76,19520,28
6,77,19312,11
6,78,31987,11
6,79,8715,75
6,80,6088,32
6,81,7915,76
6,82,3952,76
6,83,13605,93
6,84,9387,93
6,85,13594,52
6,86,9180,75
6,87,6399,75
6,88,5385,44
6,89,4654,27
6,90,2009,27
6,91,23822,11
6,92,41632,11
6,93,23326,11
6,94,29329,11
6,95,16394,11
7,01,121,84
7,02,26,32
7,03,14,84
7,04,3,93
7,05,1,93
7,06,544,93
7,07,5,84
7,08,12,44
7,09,16,76
7,10,24,44
7,11,24,76
7,12,18,76
7,13,84,93
7,14,31,28
7,15,1,84
7,16,7,75
7,17,59,75
7,18,76,24
7,19,7,75
7,21,37,27
7,22,49,53
7,23,11,75
7,24,59,75
7,25,71,27
7,26,261,84
7,27,33,28
7,28,12,24
7,29,106,53
7,2A,6,94
7,2B,2,94
7,30,21,76
7,31,44,76
7,32,16,76
7,33,113,75
7,34,121,76
7,35,136,53
7,36,2,24
7,37,12,24
7,38,625,84
7,39,10,27
7,40,26,75
7,41,4,24
7,42,351,84
7,43,2,84
7,44,95,52
7,45,136,24
7,46,1,76
7,47,3,75
7,48,0,76
7,49,31,52
7,50,7,28
7,51,31,44
7,52,1,44
7,53,25,52
7,54,117,44
7,55,6,44
7,56,67,53
7,57,184,44
7,58,44,27
7,59,491,32
7,60,56,32
7,61,13,28
7,62,112,32
7,63,34,84
7,64,18,75
7,65,19,76
7,66,25,76
7,67,771,44
7,68,325,44
7,69,1992,84
7,70,9,27
7,71,237,27
7,72,130,52
7,73,21,84
7,74,681,84
7,75,100,11
7,76,244,28
7,77,205,11
7,78,302,11
7,79,24,75
7,80,44,32
7,81,13,76
7,82,6,76
7,83,49,93
7,84,62,93
7,85,34,52
7,86,90,75
7,87,12,75
7,88,121,44
7,89,40,27
7,90,12,27
7,91,565,11
7,92,1302,11
7,93,904,11
7,94,844,11
7,95,1064,11
8,52,587,44
8,53,1857,52
8,54,6398,44
8,55,1673,44
8,56,5962,53
8,57,8651,44
8,58,2061,27
8,59,22858,32
8,60,7394,32
8,61,2089,28
8,62,15403,32
8,63,5587,84
8,64,4568,75
8,65,1776,76
8,66,4072,76
8,67,10084,44
8,68,7318,44
8,69,10129,84
8,70,2467,27
8,71,3963,27
8,72,3908,52
8,73,3451,84
8,74,6274,84
8,75,9864,11
8,76,11195,28
8,77,11268,11
8,78,10308,11
8,79,2417,75
8,80,5759,32
8,81,2974,76
8,82,1911,76
8,83,9786,93
8,84,4379,93
8,85,5185,52
8,86,3395,75
8,87,3389,75
8,88,3688,44
8,89,3043,27
8,90,1283,27
8,91,9416,11
8,92,9112,11
8,93,5684,11
8,94,7001,11
8,01,4445,84
8,02,4434,32
8,03,3081,84
8,04,1420,93
8,05,1205,93
8,06,8619,93
8,07,2768,84
8,08,2153,44
8,09,1241,76
8,10,2370,44
8,11,3154,76
8,12,1872,76
8,13,11948,93
8,14,6704,28
8,15,1071,84
8,16,2897,75
8,17,5796,75
8,18,2838,24
8,19,2315,75
8,21,4782,27
8,22,5335,53
8,23,1012,75
8,24,3644,75
8,25,4223,27
8,26,4203,84
8,27,5131,28
8,28,3736,24
8,29,8175,53
8,2A,958,94
8,2B,1139,94
8,30,5123,76
8,31,9495,76
8,32,1436,76
8,33,12080,75
8,34,8439,76
8,35,7834,53
8,36,1904,24
8,37,4876,24
8,38,9031,84
8,39,2121,27
8,40,3271,75
8,41,2910,24
8,42,4817,84
8,43,1926,84
8,44,9474,52
8,45,5046,24
8,46,1634,76
8,47,2487,75
8,48,534,76
8,49,4727,52
8,50,4196,28
8,51,4289,44
8,52,856,44
8,94,1031,11
8,95,7846,11
9,44,14,52
9,45,1,24
9,46,1,76
9,47,1,75
9,48,0,76
9,49,5,52
9,50,0,28
9,51,34,44
9,52,0,44
9,53,4,52
9,54,2,44
9,55,0,44
9,56,46,53
9,57,2,44
9,58,14,27
9,59,97,32
9,60,7,32
9,61,1,28
9,62,18,32
9,63,20,84
9,64,2,75
9,65,1,76
9,66,3,76
9,67,0,44
9,68,23,44
9,69,9,84
9,70,1,27
9,71,10,27
9,72,39,52
9,73,8,84
9,74,2,84
9,75,18,11
9,76,61,28
9,77,36,11
9,78,49,11
9,79,3,75
9,80,8,32
9,81,1,76
9,82,10,76
9,83,48,93
9,84,7,93
9,85,31,52
9,86,2,75
9,87,2,75
9,88,4,44
9,01,0,84
9,02,4,32
9,03,1,84
9,04,1,93
9,05,0,93
9,06,47,93
9,07,0,84
9,08,0,44
9,09,1,76
9,10,6,44
9,11,2,76
9,12,0,76
9,13,8,93
9,14,19,28
9,15,0,84
9,16,1,75
9,17,2,75
9,18,34,24
9,19,1,75
9,21,2,27
9,22,10,53
9,23,0,75
9,24,26,75
9,25,12,27
9,26,3,84
9,27,87,28
9,28,2,24
9,29,102,53
9,2A,1,94
9,2B,0,94
9,30,5,76
9,31,1,76
9,32,0,76
9,33,32,75
9,34,10,76
9,35,0,53
9,36,0,24
9,37,2,24
9,38,25,84
9,39,0,27
9,40,12,75
9,41,25,24
9,42,37,84
9,43,0,84
9,44,58,52
9,88,1,44
9,89,5,27
9,90,0,27
9,91,7,11
9,92,122,11
9,93,45,11
9,94,36,11
9,95,35,11
10,37,52,24
10,38,341,84
10,39,37,27
10,40,93,75
10,41,120,24
10,42,103,84
10,43,44,84
10,44,1513,52
10,45,100,24
10,46,47,76
10,47,57,75
10,48,21,76
10,49,266,52
10,50,70,28
10,51,68,44
10,52,15,44
10,53,57,52
10,54,125,44
10,55,107,44
10,56,255,53
10,57,176,44
10,58,72,27
10,59,888,32
10,60,140,32
10,61,27,28
10,62,243,32
10,63,163,84
10,64,137,75
10,65,30,76
10,66,56,76
10,67,1345,44
10,68,586,44
10,69,4170,84
10,70,27,27
10,71,357,27
10,72,150,52
10,73,97,84
10,74,275,84
10,75,3093,11
10,76,516,28
10,77,488,11
10,78,568,11
10,79,60,75
10,80,48,32
10,01,140,84
10,02,125,32
10,03,75,84
10,04,26,93
10,05,26,93
10,06,274,93
10,07,100,84
10,08,43,44
10,09,27,76
10,10,67,44
10,11,50,76
10,12,53,76
10,13,1246,93
10,14,125,28
10,15,69,84
10,16,32,75
10,17,99,75
10,18,139,24
10,19,25,75
10,21,513,27
10,22,151,53
10,23,13,75
10,24,70,75
10,25,389,27
10,26,148,84
10,27,87,28
10,28,91,24
10,29,387,53
10,2A,14,94
10,2B,21,94
10,30,85,76
10,31,394,76
10,32,48,76
10,33,715,75
10,34,254,76
10,35,358,53
10,36,29,24
10,37,75,24
10,80,44,32
10,81,121,76
10,82,82,76
10,83,156,93
10,84,88,93
10,85,103,52
10,86,83,75
10,87,58,75
10,88,70,44
10,89,66,27
10,90,94,27
10,91,435,11
10,92,1264,11
10,93,290,11
10,94,676,11
10,95,224,11
11,31,1223,76
11,32,10967,76
11,33,97256,75
11,34,54250,76
11,35,77357,53
11,36,11449,24
11,37,37821,24
11,38,67599,84
11,39,14059,27
11,40,26659,75
11,41,19102,24
11,42,35764,84
11,43,11283,84
11,44,94462,52
11,45,37082,24
11,46,10825,76
11,47,16044,75
11,48,4269,76
11,49,58268,52
11,50,36366,28
11,51,29006,44
11,52,7820,44
11,53,26550,52
11,54,34357,44
11,55,9245,44
11,56,60740,53
11,57,48451,44
11,58,10865,27
11,59,121766,32
11,60,35239,32
11,61,17107,28
11,62,66271,32
11,63,35894,84
11,64,44619,75
11,65,13212,76
11,66,20757,76
11,67,69509,44
11,68,41174,44
11,69,105340,84
11,70,11544,27
11,71,30726,27
11,72,29674,52
11,73,25417,84
11,74,50814,84
11,75,121852,11
11,01,34617,84
11,02,20761,32
11,03,17124,84
11,04,8737,93
11,05,9130,93
11,06,53692,93
11,07,17758,84
11,08,10890,44
11,09,6481,76
11,10,13609,44
11,11,16630,76
11,12,18938,76
11,13,83772,93
11,14,49868,28
11,15,8415,84
11,16,19797,75
11,17,45263,75
11,18,15750,24
11,19,12859,75
11,21,30546,27
11,22,44240,53
11,23,5680,75
11,24,22689,75
11,25,28729,27
11,26,27180,84
11,27,29882,28
11,28,21519,24
11,29,67530,53
11,2A,7348,94
11,2B,6642,94
11,30,33880,76
11,31,71669,76
11,75,22480,11
11,76,63770,28
11,77,54606,11
11,78,99753,11
11,79,23794,75
11,80,29249,32
11,81,19697,76
11,82,11119,76
11,83,57642,93
11,84,25340,93
11,85,55569,52
11,86,24715,75
11,87,19136,75
11,88,19173,44
11,89,15609,27
11,90,6438,27
11,91,59963,11
11,92,114008,11
11,93,29183,11
11,94,59870,11
11,95,44628,11
12,01,15,84
12,02,79,32
12,03,1,84
12,04,18,93
12,05,1,93
12,06,38,93
12,07,5,84
12,08,35,44
12,09,8,76
12,10,3,44
12,11,14,76
12,12,5,76
12,13,270,93
12,14,25,28
12,15,4,84
12,16,0,75
12,17,98,75
12,18,9,24
12,19,4,75
12,21,66,27
12,22,8,53
12,23,1,75
12,24,108,75
12,25,87,27
12,26,28,84
12,27,93,28
12,28,5,24
12,29,45,53
12,2A,0,94
12,2B,11,94
12,30,24,76
12,31,70,76
12,32,7,76
12,33,253,75
12,34,53,76
12,35,28,53
12,36,2,24
12,37,14,24
12,38,218,84
12,39,3,27
12,40,2,75
12,41,3,24
12,42,121,84
12,43,0,84
12,44,114,52
12,45,102,24
12,46,2,76
12,47,0,75
12,48,0,76
12,49,31,52
12,50,69,28
12,51,64,44
12,52,19,44
12,53,5,52
12,54,83,44
12,55,29,44
12,56,13,53
12,57,163,44
12,58,4,27
12,59,482,32
12,60,137,32
12,61,47,28
12,62,392,32
12,63,13,84
12,64,98,75
12,65,0,76
12,66,65,76
12,67,205,44
12,68,120,44
12,69,278,84
12,70,3,27
12,71,56,27
12,72,27,52
12,73,8,84
12,74,147,84
12,75,242,11
12,76,185,28
12,77,204,11
12,78,249,11
12,79,2,75
12,80,98,32
12,81,5,76
12,82,4,76
12,83,117,93
12,84,18,93
12,85,6,52
12,86,17,75
12,87,1,75
12,88,50,44
12,89,4,27
12,90,15,27
12,91,211,11
12,92,408,11
12,93,111,11
12,94,211,11
12,95,112,11
13,01,791,84
13,02,285,32
13,03,237,84
13,04,131,93
13,05,267,93
13,06,1023,93
13,07,443,84
13,08,158,44
13,09,189,76
13,10,240,44
13,11,344,76
13,12,354,76
13,13,1434,93
13,14,743,28
13,15,152,84
13,16,103,75
13,17,759,75
13,18,260,24
13,19,284,75
13,21,666,27
13,22,764,53
13,23,107,75
13,24,423,75
13,25,563,27
13,26,787,84
13,27,435,28
13,28,361,24
13,29,1388,53
13,2A,89,94
13,2B,98,94
13,30,721,76
13,31,2591,76
13,32,228,76
13,33,2280,75
13,34,1342,76
13,35,1754,53
13,36,172,24
13,37,832,24
13,38,2250,84
13,39,321,27
13,40,466,75
13,41,340,24
13,42,736,84
13,43,172,84
13,44,2380,52
13,45,660,24
13,46,237,76
13,47,325,75
13,48,83,76
13,49,1170,52
13,50,606,28
13,51,450,44
13,52,116,44
13,53,352,52
13,54,600,44
13,55,162,44
13,56,1154,53
13,57,772,44
13,58,164,27
13,59,2284,32
13,60,657,32
13,61,224,28
13,62,937,32
13,63,822,84
13,64,959,75
13,65,250,76
13,66,427,76
13,67,1379,44
13,68,706,44
13,69,3102,84
13,70,231,27
13,71,516,27
13,72,528,52
13,73,812,84
13,74,1387,84
13,75,3371,11
13,76,985,28
13,77,1101,11
13,78,2113,11
13,79,402,75
13,80,349,32
13,81,512,76
13,82,270,76
13,83,1027,93
13,84,618,93
13,85,842,52
13,86,451,75
13,87,339,75
13,88,371,44
13,89,289,27
13,90,135,27
13,91,1433,11
13,92,2327,11
13,93,786,11
13,94,1301,11
13,95,901,11
14,01,886,84
14,02,621,32
14,03,348,84
14,04,326,93
14,05,314,93
14,06,1793,93
14,07,623,84
14,08,323,44
14,09,235,76
14,10,382,44
14,11,565,76
14,12,502,76
14,13,3268,93
14,14,1322,28
14,15,197,84
14,16,165,75
14,17,1221,75
14,18,368,24
14,19,346,75
14,21,785,27
14,22,1253,53
14,23,128,75
14,24,612,75
14,25,857,27
14,26,917,84
14,27,914,28
14,28,628,24
14,29,1850,53
14,2A,128,94
14,2B,166,94
14,30,1161,76
14,31,2677,76
14,32,335,76
14,33,2908,75
14,34,1742,76
14,35,2084,53
14,36,350,24
14,37,937,24
14,38,2071,84
14,39,444,27
14,40,744,75
14,41,588,24
14,42,1067,84
14,43,416,84
14,44,2923,52
14,45,981,24
14,46,307,76
14,47,424,75
14,48,114,76
14,49,1474,52
14,50,792,28
14,51,689,44
14,52,257,44
14,53,508,52
14,54,1026,44
14,55,260,44
14,56,1629,53
14,57,1519,44
14,58,258,27
14,59,4045,32
14,60,1250,32
14,61,404,28
14,62,2265,32
14,63,896,84
14,64,2145,75
14,65,361,76
14,66,791,76
14,67,2062,44
14,68,1665,44
14,69,2547,84
14,70,362,27
14,71,733,27
14,72,897,52
14,73,874,84
14,74,1767,84
14,75,2413,11
14,76,1710,28
14,77,2243,11
14,78,2619,11
14,79,669,75
14,80,686,32
14,81,664,76
14,82,395,76
14,83,1744,93
14,84,902,93
14,85,1330,52
14,86,698,75
14,87,429,75
14,88,733,44
14,89,413,27
14,90,257,27
14,91,2455,11
14,92,2523,11
14,93,1529,11
14,94,2091,11
14,95,1831,11
15,54,2076,44
15,55,626,44
15,56,3447,53
15,57,3947,44
15,58,796,27
15,59,6565,32
15,60,2820,32
15,61,1076,28
15,62,3700,32
15,63,2268,84
15,64,3071,75
15,65,1102,76
15,66,2316,76
15,67,4846,44
15,68,3741,44
15,69,6017,84
15,70,953,27
15,71,1928,27
15,72,1415,52
15,73,2128,84
15,74,3920,84
15,75,6514,11
15,76,3543,28
15,77,5409,11
15,78,5696,11
15,79,1205,75
15,80,1422,32
15,81,1862,76
15,82,1235,76
15,83,5217,93
15,84,2487,93
15,85,2483,52
15,86,1479,75
15,87,1447,75
15,88,1545,44
15,89,1370,27
15,90,571,27
15,91,4966,11
15,92,5279,11
15,93,3916,11
15,94,4593,11
15,95,3457,11
15,01,2598,84
15,02,1635,32
15,03,1347,84
15,04,1020,93
15,05,798,93
15,06,4966,93
15,07,1812,84
15,08,847,44
15,09,889,76
15,10,1017,44
15,11,1875,76
15,12,1353,76
15,13,7631,93
15,14,2435,28
15,15,493,84
15,16,1406,75
15,17,2757,75
15,18,1120,24
15,19,1168,75
15,21,2066,27
15,22,2477,53
15,23,532,75
15,24,2318,75
15,25,2151,27
15,26,2490,84
15,27,2059,28
15,28,1602,24
15,29,3748,53
15,2A,547,94
15,2B,619,94
15,30,3215,76
15,31,5402,76
15,32,1072,76
15,33,6218,75
15,34,5129,76
15,35,3547,53
15,36,793,24
15,37,2027,24
15,38,4794,84
15,39,1207,27
15,40,1907,75
15,41,1022,24
15,42,2374,84
15,43,1016,84
15,44,4635,52
15,45,2199,24
15,46,1070,76
15,47,1468,75
15,48,361,76
15,49,2521,52
15,50,1729,28
15,51,1732,44
15,52,581,44
15,53,902,52
15,54,442,44
15,95,808,11
16,45,10,24
16,46,15,76
16,47,19,75
16,48,9,76
16,49,43,52
16,50,17,28
16,51,9,44
16,52,5,44
16,53,15,52
16,54,47,44
16,55,10,44
16,56,139,53
16,57,44,44
16,58,9,27
16,59,60,32
16,60,30,32
16,61,13,28
16,62,51,32
16,63,40,84
16,64,46,75
16,65,15,76
16,66,18,76
16,67,47,44
16,68,67,44
16,69,72,84
16,70,28,27
16,71,42,27
16,72,34,52
16,73,42,84
16,74,40,84
16,75,73,11
16,76,34,28
16,77,35,11
16,78,58,11
16,79,10,75
16,80,12,32
16,81,27,76
16,82,9,76
16,83,35,93
16,84,22,93
16,85,32,52
16,86,20,75
16,87,23,75
16,88,34,44
16,89,9,27
16,01,59,84
16,02,30,32
16,03,23,84
16,04,30,93
16,05,11,93
16,06,59,93
16,07,71,84
16,08,4,44
16,09,21,76
16,10,6,44
16,11,14,76
16,12,36,76
16,13,75,93
16,14,47,28
16,15,17,84
16,16,15,75
16,17,30,75
16,18,24,24
16,19,16,75
16,21,32,27
16,22,34,53
16,23,17,75
16,24,34,75
16,25,52,27
16,26,47,84
16,27,22,28
16,28,23,24
16,29,88,53
16,2A,7,94
16,2B,3,94
16,30,34,76
16,31,164,76
16,32,16,76
16,33,54,75
16,34,55,76
16,35,78,53
16,36,7,24
16,37,31,24
16,38,99,84
16,39,27,27
16,40,19,75
16,41,10,24
16,42,42,84
16,43,73,84
16,44,124,52
16,45,23,24
16,89,1,27
16,90,8,27
16,91,68,11
16,92,175,11
16,93,34,11
16,94,46,11
16,95,30,11
17,38,50,84
17,39,4,27
17,40,12,75
17,41,20,24
17,42,12,84
17,43,2,84
17,44,84,52
17,45,46,24
17,46,7,76
17,47,3,75
17,48,0,76
17,49,92,52
17,50,8,28
17,51,16,44
17,52,21,44
17,53,3,52
17,54,40,44
17,55,29,44
17,56,71,53
17,57,4,44
17,58,5,27
17,59,178,32
17,60,45,32
17,61,1,28
17,62,76,32
17,63,13,84
17,64,35,75
17,65,3,76
17,66,6,76
17,67,4,44
17,68,29,44
17,69,52,84
17,70,2,27
17,71,2,27
17,72,17,52
17,73,12,84
17,74,12,84
17,75,11,11
17,76,71,28
17,77,108,11
17,78,100,11
17,79,6,75
17,80,2,32
17,81,2,76
17,01,22,84
17,02,21,32
17,03,2,84
17,04,5,93
17,05,4,93
17,06,144,93
17,07,18,84
17,08,8,44
17,09,3,76
17,10,28,44
17,11,41,76
17,12,1,76
17,13,166,93
17,14,55,28
17,15,42,84
17,16,37,75
17,17,34,75
17,18,9,24
17,19,34,75
17,21,43,27
17,22,48,53
17,23,2,75
17,24,48,75
17,25,2,27
17,26,21,84
17,27,13,28
17,28,16,24
17,29,55,53
17,2A,1,94
17,2B,0,94
17,30,34,76
17,31,24,76
17,32,4,76
17,33,86,75
17,34,64,76
17,35,87,53
17,36,1,24
17,37,3,24
17,38,47,84
17,81,0,76
17,82,9,76
17,83,25,93
17,84,7,93
17,85,7,52
17,86,27,75
17,87,0,75
17,88,15,44
17,89,47,27
17,90,13,27
17,91,279,11
17,92,326,11
17,93,66,11
17,94,187,11
17,95,25,11
18,33,33062,75
18,34,23932,76
18,35,35246,53
18,36,5934,24
18,37,17485,24
18,38,30454,84
18,39,8240,27
18,40,10292,75
18,41,9152,24
18,42,20713,84
18,43,10684,84
18,44,43324,52
18,45,17622,24
18,46,5389,76
18,47,7412,75
18,48,2834,76
18,49,24340,52
18,50,15090,28
18,51,16555,44
18,52,5667,44
18,53,8370,52
18,54,16502,44
18,55,4567,44
18,56,25425,53
18,57,22893,44
18,58,4708,27
18,59,54884,32
18,60,18940,32
18,61,9739,28
18,62,29441,32
18,63,20052,84
18,64,18103,75
18,65,4674,76
18,66,8746,76
18,67,35589,44
18,68,19939,44
18,69,62794,84
18,70,6613,27
18,71,15810,27
18,72,14855,52
18,73,14737,84
18,74,25076,84
18,75,85491,11
18,76,10672,28
18,01,17975,84
18,02,11475,32
18,03,11696,84
18,04,3026,93
18,05,3574,93
18,06,36725,93
18,07,9396,84
18,08,6633,44
18,09,2201,76
18,10,9588,44
18,11,6678,76
18,12,9277,76
18,13,40126,93
18,14,19685,28
18,15,7736,84
18,16,8351,75
18,17,18940,75
18,18,8067,24
18,19,8695,75
18,21,16137,27
18,22,19144,53
18,23,3385,75
18,24,10071,75
18,25,17399,27
18,26,14170,84
18,27,13859,28
18,28,12458,24
18,29,28253,53
18,2A,2885,94
18,2B,4589,94
18,30,15388,76
18,31,32009,76
18,32,4973,76
18,33,10385,75
18,76,17634,28
18,77,29494,11
18,78,62469,11
18,79,9408,75
18,80,14238,32
18,81,10641,76
18,82,5827,76
18,83,28796,93
18,84,11614,93
18,85,25827,52
18,86,10233,75
18,87,9124,75
18,88,10756,44
18,89,8128,27
18,90,3851,27
18,91,27173,11
18,92,72067,11
18,93,14186,11
18,94,32348,11
18,95,22905,11
19,01,944,84
19,02,1366,32
19,03,825,84
19,04,389,93
19,05,283,93
19,06,814,93
19,07,791,84
19,08,649,44
19,09,361,76
19,10,482,44
19,11,610,76
19,12,569,76
19,13,2087,93
19,14,1319,28
19,15,308,84
19,16,909,75
19,17,1184,75
19,18,801,24
19,19,528,75
19,21,1139,27
19,22,1785,53
19,23,348,75
19,24,1015,75
19,25,1152,27
19,26,1030,84
19,27,1151,28
19,28,848,24
19,29,2259,53
19,2A,99,94
19,2B,157,94
19,30,1057,76
19,31,2037,76
19,32,373,76
19,33,2286,75
19,34,1509,76
19,35,2463,53
19,36,677,24
19,37,1361,24
19,38,1970,84
19,39,650,27
19,40,722,75
19,41,767,24
19,42,1275,84
19,43,610,84
19,44,2925,52
19,45,1189,24
19,46,472,76
19,47,573,75
19,48,147,76
19,49,1915,52
19,50,1271,28
19,51,935,44
19,52,394,44
19,53,743,52
19,54,1428,44
19,55,406,44
19,56,1895,53
19,57,2020,44
19,58,547,27
19,59,5283,32
19,60,1832,32
19,61,709,28
19,62,4354,32
19,63,1519,84
19,64,1213,75
19,65,440,76
19,66,779,76
19,67,1855,44
19,68,1162,44
19,69,2315,84
19,70,726,27
19,71,1177,27
19,72,1280,52
19,73,660,84
19,74,850,84
19,75,2148,11
19,76,2688,28
19,77,1942,11
19,78,1632,11
19,79,821,75
19,80,1511,32
19,81,743,76
19,82,456,76
19,83,1156,93
19,84,701,93
19,85,1771,52
19,86,1084,75
19,87,901,75
19,88,925,44
19,89,669,27
19,90,315,27
19,91,1622,11
19,92,1590,11
19,93,2005,11
19,94,1570,11
19,95,1668,11
20,01,16,84
20,02,9,32
20,03,9,84
20,04,13,93
20,05,9,93
20,06,112,93
20,07,17,84
20,08,5,44
20,09,9,76
20,10,8,44
20,11,22,76
20,12,20,76
20,13,540,93
20,14,17,28
20,15,3,84
20,16,28,75
20,17,31,75
20,18,26,24
20,19,29,75
20,21,22,27
20,22,39,53
20,23,5,75
20,24,23,75
20,25,40,27
20,26,65,84
20,27,24,28
20,28,12,24
20,29,537,53
20,2A,3,94
20,2B,2,94
20,30,40,76
20,31,604,76
20,32,10,76
20,33,695,75
20,34,439,76
20,35,492,53
20,36,2,24
20,37,28,24
20,38,545,84
20,39,140,27
20,40,23,75
20,41,17,24
20,42,50,84
20,43,8,84
20,44,680,52
20,45,22,24
20,46,10,76
20,47,16,75
20,48,6,76
20,49,44,52
20,50,22,28
20,51,30,44
20,52,7,44
20,53,8,52
20,54,65,44
20,55,5,44
20,56,60,53
20,57,32,44
20,58,38,27
20,59,753,32
20,60,32,32
20,61,7,28
20,62,42,32
20,63,232,84
20,64,470,75
20,65,18,76
20,66,8,76
20,67,152,44
20,68,281,44
20,69,689,84
20,70,8,27
20,71,23,27
20,72,84,52
20,73,16,84
20,74,303,84
20,75,769,11
20,76,388,28
20,77,362,11
20,78,516,11
20,79,20,75
20,80,12,32
20,81,14,76
20,82,12,76
20,83,19,93
20,84,19,93
20,85,39,52
20,86,174,75
20,87,34,75
20,88,9,44
20,89,11,27
20,90,0,27
20,91,143,11
20,92,566,11
20,93,390,11
20,94,471,11
20,95,42,11
21,01,35,84
21,02,129,32
21,03,15,84
21,04,10,93
21,05,9,93
21,06,65,93
21,07,22,84
21,08,60,44
21,09,47,76
21,10,63,44
21,11,112,76
21,12,94,76
21,13,205,93
21,14,82,28
21,15,5,84
21,16,24,75
21,17,72,75
21,18,109,24
21,19,16,75
21,21,71,27
21,22,48,53
21,23,5,75
21,24,28,75
21,25,84,27
21,26,30,84
21,27,188,28
21,28,23,24
21,29,108,53
21,2A,15,94
21,2B,7,94
21,30,210,76
21,31,500,76
21,32,93,76
21,33,77,75
21,34,318,76
21,35,335,53
21,36,13,24
21,37,225,24
21,38,372,84
21,39,14,27
21,40,45,75
21,41,21,24
21,42,181,84
21,43,72,84
21,44,87,52
21,45,35,24
21,46,63,76
21,47,12,75
21,48,37,76
21,49,279,52
21,50,169,28
21,51,116,44
21,52,27,44
21,53,97,52
21,54,188,44
21,55,5,44
21,56,302,53
21,57,268,44
21,58,33,27
21,59,560,32
21,60,214,32
21,61,74,28
21,62,351,32
21,63,229,84
21,64,33,75
21,65,74,76
21,66,161,76
21,67,310,44
21,68,155,44
21,69,495,84
21,70,12,27
21,71,145,27
21,72,155,52
21,73,160,84
21,74,227,84
21,75,559,11
21,76,329,28
21,77,315,11
21,78,439,11
21,79,24,75
21,80,103,32
21,81,138,76
21,82,73,76
21,83,26,93
21,84,27,93
21,85,163,52
21,86,49,75
21,87,15,75
21,88,93,44
21,89,91,27
21,90,33,27
21,91,371,11
21,92,496,11
21,93,298,11
21,94,395,11
21,95,294,11
22,55,92,44
22,56,528,53
22,57,492,44
22,58,105,27
22,59,1251,32
22,60,352,32
22,61,143,28
22,62,532,32
22,63,432,84
22,64,677,75
22,65,149,76
22,66,291,76
22,67,604,44
22,68,309,44
22,69,1001,84
22,70,122,27
22,71,299,27
22,72,296,52
22,73,281,84
22,74,353,84
22,75,1163,11
22,76,712,28
22,77,661,11
22,78,661,11
22,79,258,75
22,80,164,32
22,81,306,76
22,82,164,76
22,83,377,93
22,84,250,93
22,85,429,52
22,86,357,75
22,87,351,75
22,88,217,44
22,89,165,27
22,90,67,27
22,91,679,11
22,92,862,11
22,93,1056,11
22,94,772,11
22,95,577,11
22,01,295,84
22,02,201,32
22,03,178,84
22,04,138,93
22,05,140,93
22,06,357,93
22,07,307,84
22,08,95,44
22,09,201,76
22,10,99,44
22,11,254,76
22,12,240,76
22,13,830,93
22,14,451,28
22,15,65,84
22,16,242,75
22,17,391,75
22,18,126,24
22,19,185,75
22,21,278,27
22,22,533,53
22,23,138,75
22,24,316,75
22,25,349,27
22,26,372,84
22,27,360,28
22,28,162,24
22,29,923,53
22,2A,2,94
22,2B,1,94
22,30,447,76
22,31,1024,76
22,32,154,76
22,33,1095,75
22,34,732,76
22,35,931,53
22,36,107,24
22,37,376,24
22,38,936,84
22,39,177,27
22,40,282,75
22,41,164,24
22,42,362,84
22,43,158,84
22,44,1273,52
22,45,305,24
22,46,182,76
22,47,214,75
22,48,72,76
22,49,515,52
22,50,258,28
22,51,202,44
22,52,83,44
22,53,152,52
22,54,403,44
22,55,13,44
23,47,32,75
23,48,1,76
23,49,19,52
23,50,16,28
23,51,4,44
23,52,1,44
23,53,0,52
23,54,80,44
23,55,2,44
23,56,22,53
23,57,103,44
23,58,6,27
23,59,95,32
23,60,25,32
23,61,3,28
23,62,31,32
23,63,10,84
23,64,35,75
23,65,3,76
23,66,19,76
23,67,27,44
23,68,25,44
23,69,88,84
23,70,0,27
23,71,97,27
23,72,40,52
23,73,7,84
23,74,14,84
23,75,169,11
23,76,81,28
23,77,135,11
23,78,116,11
23,79,7,75
23,80,22,32
23,81,12,76
23,82,1,76
23,83,21,93
23,84,69,93
23,85,17,52
23,86,19,75
23,87,5,75
23,88,17,44
23,89,92,27
23,90,2,27
23,91,46,11
23,01,72,84
23,02,30,32
23,03,11,84
23,04,10,93
23,05,3,93
23,06,39,93
23,07,8,84
23,08,33,44
23,09,5,76
23,10,5,44
23,11,10,76
23,12,1,76
23,13,210,93
23,14,28,28
23,15,0,84
23,16,7,75
23,17,20,75
23,18,12,24
23,19,4,75
23,21,38,27
23,22,216,53
23,23,2,75
23,24,2,75
23,25,5,27
23,26,12,84
23,27,29,28
23,28,123,24
23,29,79,53
23,2A,2,94
23,2B,0,94
23,30,14,76
23,31,24,76
23,32,14,76
23,33,16,75
23,34,101,76
23,35,55,53
23,36,3,24
23,37,135,24
23,38,52,84
23,39,8,27
23,40,17,75
23,41,28,24
23,42,46,84
23,43,10,84
23,44,39,52
23,45,73,24
23,46,9,76
23,47,29,75
23,91,16,11
23,92,178,11
23,93,273,11
23,94,205,11
23,95,91,11
24,39,495,27
24,40,1885,75
24,41,1196,24
24,42,2285,84
24,43,909,84
24,44,4683,52
24,45,2086,24
24,46,840,76
24,47,1355,75
24,48,270,76
24,49,2558,52
24,50,1641,28
24,51,1607,44
24,52,658,44
24,53,893,52
24,54,2437,44
24,55,727,44
24,56,3156,53
24,57,4750,44
24,58,736,27
24,59,6723,32
24,60,2953,32
24,61,946,28
24,62,4369,32
24,63,2185,84
24,64,2498,75
24,65,966,76
24,66,2115,76
24,67,4462,44
24,68,3796,44
24,69,4781,84
24,70,974,27
24,71,1998,27
24,72,1792,52
24,73,1860,84
24,74,3508,84
24,75,4582,11
24,76,3488,28
24,77,4334,11
24,78,4951,11
24,79,1180,75
24,80,1365,32
24,81,1941,76
24,82,1005,76
24,83,1260,93
24,01,2335,84
24,02,1579,32
24,03,1386,84
24,04,843,93
24,05,647,93
24,06,4871,93
24,07,1613,84
24,08,850,44
24,09,760,76
24,10,1060,44
24,11,1855,76
24,12,1205,76
24,13,7200,93
24,14,2372,28
24,15,453,84
24,16,1278,75
24,17,2633,75
24,18,1081,24
24,19,975,75
24,21,1851,27
24,22,2203,53
24,23,494,75
24,24,2018,75
24,25,2011,27
24,26,2190,84
24,27,2078,28
24,28,1552,24
24,29,3177,53
24,2A,549,94
24,2B,537,94
24,30,3313,76
24,31,4684,76
24,32,878,76
24,33,5417,75
24,34,4537,76
24,35,3019,53
24,36,774,24
24,37,2067,24
24,38,4274,84
24,39,680,27
24,83,3927,93
24,84,2246,93
24,85,2645,52
24,86,1408,75
24,87,1210,75
24,88,1606,44
24,89,1361,27
24,90,570,27
24,91,3747,11
24,92,4177,11
24,93,2689,11
24,94,3264,11
24,95,3068,11
25,33,6,75
25,34,31,76
25,35,12,53
25,36,4,24
25,37,8,24
25,38,26,84
25,39,7,27
25,40,13,75
25,41,5,24
25,42,6,84
25,43,3,84
25,44,33,52
25,45,9,24
25,46,0,76
25,47,5,75
25,48,1,76
25,49,12,52
25,50,4,28
25,51,11,44
25,52,8,44
25,53,4,52
25,54,12,44
25,55,4,44
25,56,19,53
25,57,15,44
25,58,17,27
25,59,24,32
25,60,13,32
25,61,5,28
25,62,19,32
25,63,12,84
25,64,5,75
25,65,1,76
25,66,6,76
25,67,11,44
25,68,23,44
25,69,28,84
25,70,3,27
25,71,16,27
25,72,12,52
25,73,3,84
25,74,16,84
25,75,54,11
25,76,36,28
25,77,0,11
25,01,7,84
25,02,10,32
25,03,6,84
25,04,5,93
25,05,2,93
25,06,30,93
25,07,9,84
25,08,2,44
25,09,3,76
25,10,4,44
25,11,3,76
25,12,2,76
25,13,73,93
25,14,2,28
25,15,3,84
25,16,1,75
25,17,10,75
25,18,22,24
25,19,0,75
25,21,28,27
25,22,3,53
25,23,3,75
25,24,8,75
25,25,5,27
25,26,6,84
25,27,5,28
25,28,3,24
25,29,22,53
25,2A,0,94
25,2B,0,94
25,30,21,76
25,31,111,76
25,32,0,76
25,33,34,75
25,77,31,11
25,78,32,11
25,79,6,75
25,80,7,32
25,81,14,76
25,82,1,76
25,83,25,93
25,84,17,93
25,85,23,52
25,86,9,75
25,87,5,75
25,88,1,44
25,89,69,27
25,90,2,27
25,91,46,11
25,92,75,11
25,93,39,11
25,94,19,11
25,95,26,11
26,01,25,84
26,02,36,32
26,03,27,84
26,04,6,93
26,05,3,93
26,06,104,93
26,07,4,84
26,08,14,44
26,09,5,76
26,10,9,44
26,11,27,76
26,12,28,76
26,13,109,93
26,14,13,28
26,15,1,84
26,16,18,75
26,17,40,75
26,18,32,24
26,19,2,75
26,21,149,27
26,22,54,53
26,23,6,75
26,24,19,75
26,25,13,27
26,26,39,84
26,27,16,28
26,28,11,24
26,29,52,53
26,2A,6,94
26,2B,6,94
26,30,22,76
26,31,189,76
26,32,5,76
26,33,83,75
26,34,146,76
26,35,65,53
26,36,4,24
26,37,16,24
26,38,103,84
26,39,9,27
26,40,10,75
26,41,13,24
26,42,25,84
26,43,34,84
26,44,33,52
26,45,22,24
26,46,5,76
26,47,4,75
26,48,1,76
26,49,190,52
26,50,21,28
26,51,19,44
26,52,13,44
26,53,19,52
26,54,51,44
26,55,3,44
26,56,54,53
26,57,82,44
26,58,8,27
26,59,209,32
26,60,44,32
26,61,9,28
26,62,85,32
26,63,25,84
26,64,14,75
26,65,17,76
26,66,105,76
26,67,35,44
26,68,37,44
26,69,82,84
26,70,10,27
26,71,12,27
26,72,28,52
26,73,6,84
26,74,22,84
26,75,58,11
26,76,91,28
26,77,223,11
26,78,61,11
26,79,13,75
26,80,96,32
26,81,27,76
26,82,11,76
26,83,192,93
26,84,55,93
26,85,31,52
26,86,10,75
26,87,12,75
26,88,40,44
26,89,23,27
26,90,14,27
26,91,426,11
26,92,372,11
26,93,132,11
26,94,133,11
26,95,77,11
27,01,27559,84
27,02,14283,32
27,03,15522,84
27,04,9858,93
27,05,10075,93
27,06,39245,93
27,07,20278,84
27,08,8048,44
27,09,11668,76
27,10,9208,44
27,11,22851,76
27,12,19572,76
27,13,81185,93
27,14,42194,28
27,15,7910,84
27,16,19200,75
27,17,42173,75
27,18,12867,24
27,19,15983,75
27,21,27176,27
27,22,47526,53
27,23,6663,75
27,24,25809,75
27,25,25446,27
27,26,29111,84
27,27,23524,28
27,28,15760,24
27,29,80253,53
27,2A,4327,94
27,2B,5181,94
27,30,36876,76
27,31,102999,76
27,32,14780,76
27,33,109886,75
27,34,67343,76
27,35,81144,53
27,36,9559,24
27,37,36174,24
27,38,75416,84
27,39,13104,27
27,40,31201,75
27,41,15380,24
27,42,32697,84
27,43,11682,84
27,44,112261,52
27,45,28858,24
27,46,15232,76
27,47,15429,75
27,48,5047,76
27,49,47217,52
27,50,29602,28
27,51,18809,44
27,52,5894,44
27,53,14097,52
27,54,33432,44
27,55,6699,44
27,56,55676,53
27,57,37105,44
27,58,10357,27
27,59,89269,32
27,60,24075,32
27,61,12288,28
27,62,45235,32
27,63,40891,84
27,64,49199,75
27,65,15638,76
27,66,22987,76
27,67,49684,44
27,68,27398,44
27,69,98870,84
27,70,10131,27
27,71,26920,27
27,72,27441,52
27,73,26054,84
27,74,40393,84
27,75,186208,11
27,76,59498,28
27,77,50244,11
27,78,76707,11
27,79,21870,75
27,80,18456,32
27,81,26005,76
27,82,13943,76
27,83,39582,93
27,84,24103,93
27,85,37013,52
27,86,24894,75
27,87,25021,75
27,88,15376,44
27,89,13022,27
27,90,5473,27
27,91,56711,11
27,92,96482,11
27,93,44804,11
27,94,64613,11
27,95,41723,11
28,01,4,84
28,02,11,32
28,03,5,84
28,04,1,93
28,05,12,93
28,06,32,93
28,07,27,84
28,08,3,44
28,09,2,76
28,10,0,44
28,11,25,76
28,12,9,76
28,13,385,93
28,14,35,28
28,15,0,84
28,16,0,75
28,17,11,75
28,18,16,24
28,19,3,75
28,21,75,27
28,22,30,53
28,23,0,75
28,24,117,75
28,25,11,27
28,26,27,84
28,27,16,28
28,28,0,24
28,29,33,53
28,2A,2,94
28,2B,3,94
28,30,14,76
28,31,22,76
28,32,3,76
28,33,261,75
28,34,32,76
28,35,12,53
28,36,6,24
28,37,1,24
28,38,49,84
28,39,0,27
28,40,7,75
28,41,17,24
28,42,12,84
28,43,3,84
28,44,95,52
28,45,9,24
28,46,0,76
28,47,7,75
28,48,1,76
28,49,75,52
28,50,15,28
28,51,12,44
28,52,4,44
28,53,0,52
28,54,12,44
28,55,0,44
28,56,45,53
28,57,14,44
28,58,4,27
28,59,109,32
28,60,10,32
28,61,4,28
28,62,119,32
28,63,11,84
28,64,9,75
28,65,14,76
28,66,16,76
28,67,17,44
28,68,32,44
28,69,36,84
28,70,3,27
28,71,10,27
28,72,22,52
28,73,1,84
28,74,22,84
28,75,38,11
28,76,36,28
28,77,69,11
28,78,62,11
28,79,15,75
28,80,28,32
28,81,17,76
28,82,31,76
28,83,86,93
28,84,47,93
28,85,21,52
28,86,31,75
28,87,1,75
28,88,0,44
28,89,4,27
28,90,8,27
28,91,79,11
28,92,108,11
28,93,31,11
28,94,166,11
28,95,51,11
29,56,4700,53
29,57,5693,44
29,58,2707,27
29,59,14999,32
29,60,4683,32
29,61,3289,28
29,62,18609,32
29,63,7895,84
29,64,22629,75
29,65,6910,76
29,66,4918,76
29,67,5696,44
29,68,4251,44
29,69,6504,84
29,70,2893,27
29,71,6897,27
29,72,3730,52
29,73,3307,84
29,74,5603,84
29,75,3111,11
29,76,8745,28
29,77,5646,11
29,78,5246,11
29,79,4889,75
29,80,9626,32
29,81,8913,76
29,82,5798,76
29,83,6838,93
29,84,4036,93
29,85,8047,52
29,86,5872,75
29,87,5756,75
29,88,3893,44
29,89,3612,27
29,90,885,27
29,91,4381,11
29,92,3366,11
29,93,2262,11
29,94,2828,11
29,95,3261,11
29,01,5027,84
29,02,4021,32
29,03,5147,84
29,04,2630,93
29,05,2160,93
29,06,4581,93
29,07,4844,84
29,08,2800,44
29,09,4639,76
29,10,2232,44
29,11,5874,76
29,12,10100,76
29,13,9480,93
29,14,7750,28
29,15,3435,84
29,16,4830,75
29,17,9170,75
29,18,3442,24
29,19,5929,75
29,21,5125,27
29,22,8230,53
29,23,2865,75
29,24,9082,75
29,25,4788,27
29,26,5153,84
29,27,6798,28
29,28,3443,24
29,29,8905,53
29,2A,2706,94
29,2B,3385,94
29,30,6695,76
29,31,15071,76
29,32,6219,76
29,33,19406,75
29,34,9940,76
29,35,8058,53
29,36,3345,24
29,37,5177,24
29,38,8106,84
29,39,4117,27
29,40,15274,75
29,41,3622,24
29,42,5288,84
29,43,3728,84
29,44,9492,52
29,45,5494,24
29,46,4980,76
29,47,7181,75
29,48,2758,76
29,49,6743,52
29,50,7363,28
29,51,3649,44
29,52,1983,44
29,53,2442,52
29,54,4329,44
29,55,2202,44
29,56,3505,53
30,49,29,52
30,50,23,28
30,51,42,44
30,52,9,44
30,53,13,52
30,54,46,44
30,55,10,44
30,56,70,53
30,57,48,44
30,58,17,27
30,59,158,32
30,60,46,32
30,61,20,28
30,62,63,32
30,63,33,84
30,64,72,75
30,65,20,76
30,66,44,76
30,67,66,44
30,68,62,44
30,69,84,84
30,70,19,27
30,71,31,27
30,72,49,52
30,73,37,84
30,74,62,84
30,75,182,11
30,76,64,28
30,77,78,11
30,78,130,11
30,79,21,75
30,80,16,32
30,81,24,76
30,82,30,76
30,83,96,93
30,84,64,93
30,85,70,52
30,86,18,75
30,87,21,75
30,88,27,44
30,89,25,27
30,90,6,27
30,91,74,11
30,92,70,11
30,01,40,84
30,02,29,32
30,03,35,84
30,04,18,93
30,05,18,93
30,06,160,93
30,07,26,84
30,08,25,44
30,09,31,76
30,10,23,44
30,11,60,76
30,12,28,76
30,13,135,93
30,14,49,28
30,15,8,84
30,16,16,75
30,17,79,75
30,18,18,24
30,19,23,75
30,21,36,27
30,22,50,53
30,23,22,75
30,24,48,75
30,25,40,27
30,26,38,84
30,27,52,28
30,28,29,24
30,29,78,53
30,2A,16,94
30,2B,12,94
30,30,78,76
30,31,102,76
30,32,11,76
30,33,516,75
30,34,140,76
30,35,58,53
30,36,18,24
30,37,39,24
30,38,130,84
30,39,19,27
30,40,32,75
30,41,21,24
30,42,42,84
30,43,30,84
30,44,107,52
30,45,20,24
30,46,19,76
30,47,29,75
30,48,10,76
30,49,23,52
30,92,73,11
30,93,77,11
30,94,69,11
30,95,68,11
31,41,281,24
31,42,690,84
31,43,169,84
31,44,2176,52
31,45,609,24
31,46,200,76
31,47,251,75
31,48,88,76
31,49,911,52
31,50,397,28
31,51,330,44
31,52,132,44
31,53,302,52
31,54,624,44
31,55,106,44
31,56,1429,53
31,57,689,44
31,58,147,27
31,59,1750,32
31,60,548,32
31,61,213,28
31,62,910,32
31,63,678,84
31,64,999,75
31,65,397,76
31,66,453,76
31,67,1322,44
31,68,821,44
31,69,1852,84
31,70,145,27
31,71,490,27
31,72,438,52
31,73,461,84
31,74,809,84
31,75,1462,11
31,76,898,28
31,77,953,11
31,78,1412,11
31,79,420,75
31,80,325,32
31,81,439,76
31,82,323,76
31,83,707,93
31,84,48,93
31,01,1497,84
31,02,302,32
31,03,259,84
31,04,150,93
31,05,132,93
31,06,678,93
31,07,347,84
31,08,130,44
31,09,200,76
31,10,188,44
31,11,397,76
31,12,315,76
31,13,1231,93
31,14,794,28
31,15,131,84
31,16,333,75
31,17,767,75
31,18,220,24
31,19,221,75
31,21,777,27
31,22,975,53
31,23,184,75
31,24,330,75
31,25,456,27
31,26,455,84
31,27,469,28
31,28,351,24
31,29,1672,53
31,2A,254,94
31,2B,745,94
31,30,519,76
31,31,1671,76
31,32,195,76
31,33,1840,75
31,34,1058,76
31,35,1709,53
31,36,163,24
31,37,606,24
31,38,1225,84
31,39,251,27
31,40,392,75
31,41,17,24
31,84,378,93
31,85,658,52
31,86,424,75
31,87,337,75
31,88,272,44
31,89,279,27
31,90,111,27
31,91,1132,11
31,92,1407,11
31,93,718,11
31,94,1028,11
31,95,830,11
32,34,100,76
32,35,41,53
32,36,2,24
32,37,11,24
32,38,107,84
32,39,4,27
32,40,19,75
32,41,16,24
32,42,88,84
32,43,17,84
32,44,62,52
32,45,18,24
32,46,4,76
32,47,24,75
32,48,0,76
32,49,40,52
32,50,27,28
32,51,32,44
32,52,4,44
32,53,1,52
32,54,20,44
32,55,8,44
32,56,43,53
32,57,17,44
32,58,10,27
32,59,117,32
32,60,20,32
32,61,15,28
32,62,132,32
32,63,61,84
32,64,36,75
32,65,3,76
32,66,15,76
32,67,28,44
32,68,51,44
32,69,68,84
32,70,5,27
32,71,28,27
32,72,43,52
32,73,4,84
32,74,35,84
32,75,105,11
32,76,82,28
32,77,62,11
32,01,12,84
32,02,45,32
32,03,21,84
32,04,5,93
32,05,3,93
32,06,71,93
32,07,19,84
32,08,11,44
32,09,9,76
32,10,19,44
32,11,37,76
32,12,28,76
32,13,112,93
32,14,45,28
32,15,5,84
32,16,23,75
32,17,165,75
32,18,26,24
32,19,1,75
32,21,22,27
32,22,34,53
32,23,1,75
32,24,13,75
32,25,8,27
32,26,10,84
32,27,30,28
32,28,20,24
32,29,116,53
32,2A,14,94
32,2B,5,94
32,30,87,76
32,31,144,76
32,32,52,76
32,33,88,75
32,34,46,76
32,77,32,11
32,78,51,11
32,79,21,75
32,80,14,32
32,81,29,76
32,82,18,76
32,83,42,93
32,84,27,93
32,85,88,52
32,86,38,75
32,87,39,75
32,88,9,44
32,89,10,27
32,90,13,27
32,91,102,11
32,92,183,11
32,93,94,11
32,94,112,11
32,95,63,11
33,01,3947,84
33,02,4251,32
33,03,6715,84
33,04,2134,93
33,05,1535,93
33,06,6253,93
33,07,4356,84
33,08,2105,44
33,09,2068,76
33,10,1927,44
33,11,4469,76
33,12,3214,76
33,13,19312,93
33,14,6532,28
33,15,1793,84
33,16,3939,75
33,17,6362,75
33,18,4536,24
33,19,5169,75
33,21,3894,27
33,22,9105,53
33,23,1879,75
33,24,7113,75
33,25,3753,27
33,26,4821,84
33,27,5196,28
33,28,2913,24
33,29,10475,53
33,2A,992,94
33,2B,1572,94
33,30,9873,76
33,31,11989,76
33,32,2279,76
33,33,15075,75
33,34,11599,76
33,35,9056,53
33,36,2830,24
33,37,5677,24
33,38,10691,84
33,39,2372,27
33,40,6188,75
33,41,3154,24
33,42,6856,84
33,43,2476,84
33,44,12658,52
33,45,4997,24
33,46,2656,76
33,47,3627,75
33,48,1081,76
33,49,6054,52
33,50,4810,28
33,51,3482,44
33,52,1134,44
33,53,2163,52
33,54,5834,44
33,55,1219,44
33,56,8056,53
33,57,5716,44
33,58,3070,27
33,59,30508,32
33,60,6309,32
33,61,2189,28
33,62,17732,32
33,63,11402,84
33,64,7307,75
33,65,3580,76
33,66,5118,76
33,67,4434,44
33,68,2791,44
33,69,10491,84
33,70,2000,27
33,71,5263,27
33,72,5318,52
33,73,3873,84
33,74,3918,84
33,75,11317,11
33,76,16718,28
33,77,9216,11
33,78,7932,11
33,79,3327,75
33,80,6298,32
33,81,4036,76
33,82,2515,76
33,83,7553,93
33,84,4600,93
33,85,5405,52
33,86,4482,75
33,87,6130,75
33,88,2968,44
33,89,2771,27
33,90,1162,27
33,91,9976,11
33,92,9322,11
33,93,9884,11
33,94,12249,11
33,95,7113,11
34,01,52,84
34,02,16,32
34,03,11,84
34,04,12,93
34,05,5,93
34,06,159,93
34,07,20,84
34,08,14,44
34,09,6,76
34,10,13,44
34,11,14,76
34,12,11,76
34,13,76,93
34,14,101,28
34,15,2,84
34,16,9,75
34,17,82,75
34,18,22,24
34,19,8,75
34,21,45,27
34,22,79,53
34,23,1,75
34,24,30,75
34,25,17,27
34,26,23,84
34,27,23,28
34,28,16,24
34,29,139,53
34,2A,0,94
34,2B,2,94
34,30,49,76
34,31,59,76
34,32,3,76
34,33,250,75
34,34,75,76
34,35,104,53
34,36,2,24
34,37,61,24
34,38,76,84
34,39,15,27
34,40,12,75
34,41,10,24
34,42,34,84
34,43,9,84
34,44,116,52
34,45,26,24
34,46,11,76
34,47,20,75
34,48,1,76
34,49,71,52
34,50,49,28
34,51,84,44
34,52,1,44
34,53,25,52
34,54,42,44
34,55,15,44
34,56,171,53
34,57,116,44
34,58,30,27
34,59,175,32
34,60,27,32
34,61,60,28
34,62,114,32
34,63,20,84
34,64,52,75
34,65,3,76
34,66,18,76
34,67,49,44
34,68,57,44
34,69,152,84
34,70,2,27
34,71,36,27
34,72,59,52
34,73,12,84
34,74,13,84
34,75,86,11
34,76,163,28
34,77,103,11
34,78,177,11
34,79,41,75
34,80,11,32
34,81,22,76
34,82,14,76
34,83,38,93
34,84,16,93
34,85,92,52
34,86,21,75
34,87,22,75
34,88,4,44
34,89,36,27
34,90,6,27
34,91,265,11
34,92,216,11
34,93,94,11
34,94,81,11
34,95,105,11
35,01,3509,84
35,02,1546,32
35,03,1312,84
35,04,911,93
35,05,866,93
35,06,5581,93
35,07,1760,84
35,08,917,44
35,09,638,76
35,10,1142,44
35,11,1438,76
35,12,1452,76
35,13,7669,93
35,14,3689,28
35,15,583,84
35,16,1989,75
35,17,3599,75
35,18,1202,24
35,19,1059,75
35,21,2890,27
35,22,3399,53
35,23,435,75
35,24,1876,75
35,25,2640,27
35,26,3014,84
35,27,3301,28
35,28,1991,24
35,29,5329,53
35,2A,364,94
35,2B,379,94
35,30,2901,76
35,31,7870,76
35,32,912,76
35,33,8752,75
35,34,5261,76
35,35,7132,53
35,36,980,24
35,37,3518,24
35,38,6849,84
35,39,1531,27
35,40,1998,75
35,41,1584,24
35,42,3286,84
35,43,1145,84
35,44,9304,52
35,45,3310,24
35,46,961,76
35,47,1264,75
35,48,317,76
35,49,5000,52
35,50,2249,28
35,51,2365,44
35,52,615,44
35,53,1524,52
35,54,3327,44
35,55,783,44
35,56,4552,53
35,57,4826,44
35,58,734,27
35,59,12439,32
35,60,3289,32
35,61,1087,28
35,62,5596,32
35,63,3425,84
35,64,3696,75
35,65,1042,76
35,66,1909,76
35,67,6364,44
35,68,4822,44
35,69,8209,84
35,70,1102,27
35,71,2226,27
35,72,2682,52
35,73,2940,84
35,74,5611,84
35,75,5067,11
35,76,4835,28
35,77,5755,11
35,78,7680,11
35,79,1990,75
35,80,1986,32
35,81,1891,76
35,82,1147,76
35,83,4831,93
35,84,2560,93
35,85,4229,52
35,86,2165,75
35,87,1644,75
35,88,1912,44
35,89,1417,27
35,90,661,27
35,91,6130,11
35,92,6802,11
35,93,3120,11
35,94,5142,11
35,95,4412,11
36,57,0,44
36,58,6,27
36,59,24,32
36,60,3,32
36,61,0,28
36,62,13,32
36,63,0,84
36,64,1,75
36,65,1,76
36,66,0,76
36,67,10,44
36,68,5,44
36,69,2,84
36,70,0,27
36,71,1,27
36,72,7,52
36,73,10,84
36,74,2,84
36,75,17,11
36,76,43,28
36,77,17,11
36,78,29,11
36,79,0,75
36,80,2,32
36,81,2,76
36,82,0,76
36,83,5,93
36,84,2,93
36,85,7,52
36,86,6,75
36,87,0,75
36,88,0,44
36,89,1,27
36,90,0,27
36,91,13,11
36,92,60,11
36,93,139,11
36,94,9,11
36,95,21,11
36,01,0,84
36,02,8,32
36,03,1,84
36,04,0,93
36,05,0,93
36,06,15,93
36,07,2,84
36,08,0,44
36,09,5,76
36,10,1,44
36,11,1,76
36,12,0,76
36,13,25,93
36,14,3,28
36,15,0,84
36,16,3,75
36,17,3,75
36,18,2,24
36,19,0,75
36,21,9,27
36,22,3,53
36,23,0,75
36,24,9,75
36,25,1,27
36,26,1,84
36,27,4,28
36,28,0,24
36,29,16,53
36,2A,0,94
36,2B,1,94
36,30,1,76
36,31,7,76
36,32,0,76
36,33,8,75
36,34,5,76
36,35,16,53
36,36,5,24
36,37,2,24
36,38,8,84
36,39,7,27
36,40,0,75
36,41,0,24
36,42,4,84
36,43,0,84
36,44,31,52
36,45,1,24
36,46,3,76
36,47,0,75
36,48,0,76
36,49,18,52
36,50,0,28
36,51,0,44
36,52,2,44
36,53,0,52
36,54,1,44
36,55,0,44
36,56,2,53
36,57,0,44
37,50,26,28
37,51,61,44
37,52,18,44
37,53,51,52
37,54,103,44
37,55,29,44
37,56,230,53
37,57,139,44
37,58,38,27
37,59,292,32
37,60,123,32
37,61,84,28
37,62,203,32
37,63,92,84
37,64,231,75
37,65,47,76
37,66,71,76
37,67,294,44
37,68,134,44
37,69,203,84
37,70,42,27
37,71,63,27
37,72,80,52
37,73,93,84
37,74,98,84
37,75,356,11
37,76,119,28
37,77,106,11
37,78,310,11
37,79,74,75
37,80,67,32
37,81,63,76
37,82,34,76
37,83,159,93
37,84,89,93
37,85,114,52
37,86,53,75
37,87,47,75
37,88,73,44
37,89,52,27
37,90,13,27
37,91,148,11
37,92,161,11
37,93,13,11
37,01,81,84
37,02,63,32
37,03,96,84
37,04,31,93
37,05,45,93
37,06,98,93
37,07,67,84
37,08,26,44
37,09,32,76
37,10,59,44
37,11,66,76
37,12,50,76
37,13,200,93
37,14,93,28
37,15,24,84
37,16,7,75
37,17,103,75
37,18,92,24
37,19,57,75
37,21,83,27
37,22,213,53
37,23,34,75
37,24,92,75
37,25,74,27
37,26,71,84
37,27,64,28
37,28,123,24
37,29,163,53
37,2A,20,94
37,2B,29,94
37,30,89,76
37,31,212,76
37,32,38,76
37,33,202,75
37,34,139,76
37,35,160,53
37,36,44,24
37,37,246,24
37,38,171,84
37,39,56,27
37,40,60,75
37,41,96,24
37,42,96,84
37,43,44,84
37,44,194,52
37,45,237,24
37,46,67,76
37,47,49,75
37,48,14,76
37,49,263,52
37,50,44,28
37,93,88,11
37,94,117,11
37,95,88,11
38,42,4,84
38,43,5,84
38,44,19,52
38,45,7,24
38,46,1,76
38,47,4,75
38,48,0,76
38,49,2,52
38,50,8,28
38,51,9,44
38,52,1,44
38,53,4,52
38,54,2,44
38,55,0,44
38,56,12,53
38,57,5,44
38,58,7,27
38,59,24,32
38,60,6,32
38,61,2,28
38,62,8,32
38,63,11,84
38,64,1,75
38,65,1,76
38,66,13,76
38,67,7,44
38,68,8,44
38,69,8,84
38,70,2,27
38,71,1,27
38,72,19,52
38,73,0,84
38,74,3,84
38,75,17,11
38,76,28,28
38,77,16,11
38,78,2,11
38,79,1,75
38,80,2,32
38,81,0,76
38,82,1,76
38,83,8,93
38,84,8,93
38,85,9,52
38,01,4,84
38,02,9,32
38,03,2,84
38,04,0,93
38,05,1,93
38,06,18,93
38,07,8,84
38,08,0,44
38,09,3,76
38,10,3,44
38,11,1,76
38,12,2,76
38,13,19,93
38,14,4,28
38,15,2,84
38,16,3,75
38,17,1,75
38,18,35,24
38,19,3,75
38,21,1,27
38,22,10,53
38,23,3,75
38,24,8,75
38,25,17,27
38,26,11,84
38,27,2,28
38,28,12,24
38,29,12,53
38,2A,1,94
38,2B,2,94
38,30,13,76
38,31,11,76
38,32,2,76
38,33,19,75
38,34,12,76
38,35,6,53
38,36,0,24
38,37,6,24
38,38,8,84
38,39,7,27
38,40,3,75
38,41,3,24
38,42,4,84
38,85,1,52
38,86,0,75
38,87,2,75
38,88,3,44
38,89,2,27
38,90,1,27
38,91,17,11
38,92,45,11
38,93,43,11
38,94,20,11
38,95,33,11
